帳號,密碼,姓名
001,2824,教師1
002,1409,教師2
003,5506,教師3
004,5012,教師4
005,4657,教師5
006,3286,教師6
007,2679,教師7
008,9935,教師8
009,2424,教師9
010,7912,教師10
011,1520,教師11
012,1488,教師12
013,2535,教師13
014,4582,教師14
015,4811,教師15
016,9279,教師16
017,1434,教師17
018,4257,教師18
019,9928,教師19
020,7873,教師20
021,4611,教師21
022,8359,教師22
023,5557,教師23
024,1106,教師24
025,3615,教師25
026,7924,教師26
027,6574,教師27
028,5552,教師28
029,3547,教師29
030,4527,教師30
031,6514,教師31
032,2674,教師32
033,2519,教師33
034,7224,教師34
035,2584,教師35
036,6881,教師36
037,6635,教師37
038,5333,教師38
039,1711,教師39
040,8527,教師40
